{"Logistic Regression": {"Accuracy": 69.74000000000001, "Precision": 69.74000000000001, "Recall": 69.74000000000001, "F1 Score": 69.74000000000001}, "Decision Tree": {"Accuracy": 56.93, "Precision": 56.93, "Recall": 56.93, "F1 Score": 56.93}, "Random Forest": {"Accuracy": 70.44, "Precision": 70.44, "Recall": 70.44, "F1 Score": 70.44}, "Naive Bayes": {"Accuracy": 65.7, "Precision": 65.7, "Recall": 65.7, "F1 Score": 65.7}, "KNN": {"Accuracy": 54.47, "Precision": 54.47, "Recall": 54.47, "F1 Score": 54.47}, "Linear SVM": {"Accuracy": 69.47, "Precision": 69.47, "Recall": 69.47, "F1 Score": 69.47}, "Kernel SVM": {"Accuracy": 70.09, "Precision": 70.09, "Recall": 70.09, "F1 Score": 70.09}, "SGD": {"Accuracy": 64.03999999999999, "Precision": 64.03999999999999, "Recall": 64.03999999999999, "F1 Score": 64.03999999999999}}