{"Logistic Regression": {"Accuracy": 68.95, "Precision": 68.95, "Recall": 68.95, "F1 Score": 68.95}, "Decision Tree": {"Accuracy": 46.75, "Precision": 46.75, "Recall": 46.75, "F1 Score": 46.75}, "Random Forest": {"Accuracy": 74.3, "Precision": 74.3, "Recall": 74.3, "F1 Score": 74.3}, "Naive Bayes": {"Accuracy": 65.96, "Precision": 65.96, "Recall": 65.96, "F1 Score": 65.96}, "KNN": {"Accuracy": 68.16, "Precision": 68.16, "Recall": 68.16, "F1 Score": 68.16}, "Linear SVM": {"Accuracy": 50.96000000000001, "Precision": 50.96000000000001, "Recall": 50.96000000000001, "F1 Score": 50.96000000000001}, "Kernel SVM": {"Accuracy": 57.720000000000006, "Precision": 57.720000000000006, "Recall": 57.720000000000006, "F1 Score": 57.720000000000006}, "SGD": {"Accuracy": 71.39999999999999, "Precision": 71.39999999999999, "Recall": 71.39999999999999, "F1 Score": 71.39999999999999}}