{"Logistic Regression": {"Accuracy": 65.35, "Precision": 65.35, "Recall": 65.35, "F1 Score": 65.35}, "Decision Tree": {"Accuracy": 46.75, "Precision": 46.75, "Recall": 46.75, "F1 Score": 46.75}, "Random Forest": {"Accuracy": 72.11, "Precision": 72.11, "Recall": 72.11, "F1 Score": 72.11}, "Naive Bayes": {"Accuracy": 62.53999999999999, "Precision": 62.53999999999999, "Recall": 62.53999999999999, "F1 Score": 62.53999999999999}, "KNN": {"Accuracy": 67.97999999999999, "Precision": 67.97999999999999, "Recall": 67.97999999999999, "F1 Score": 67.97999999999999}, "Linear SVM": {"Accuracy": 42.02, "Precision": 42.02, "Recall": 42.02, "F1 Score": 42.02}, "Kernel SVM": {"Accuracy": 51.67, "Precision": 51.67, "Recall": 51.67, "F1 Score": 51.67}, "SGD": {"Accuracy": 67.89, "Precision": 67.89, "Recall": 67.89, "F1 Score": 67.89}}