{"Logistic Regression": {"Accuracy": 88.23, "Precision": 88.23, "Recall": 88.23, "F1 Score": 88.23}, "Decision Tree": {"Accuracy": 21.8, "Precision": 21.8, "Recall": 21.8, "F1 Score": 21.8}, "Random Forest": {"Accuracy": 87.81, "Precision": 87.81, "Recall": 87.81, "F1 Score": 87.81}, "Naive Bayes": {"Accuracy": 86.98, "Precision": 86.98, "Recall": 86.98, "F1 Score": 86.98}, "KNN": {"Accuracy": 55.50000000000001, "Precision": 55.50000000000001, "Recall": 55.50000000000001, "F1 Score": 55.50000000000001}, "Linear SVM": {"Accuracy": 72.08, "Precision": 72.08, "Recall": 72.08, "F1 Score": 72.08}, "Kernel SVM": {"Accuracy": 79.67, "Precision": 79.67, "Recall": 79.67, "F1 Score": 79.67}, "SGD": {"Accuracy": 88.79, "Precision": 88.79, "Recall": 88.79, "F1 Score": 88.79}}