{"Logistic Regression": {"Accuracy": 85.38, "Precision": 85.38, "Recall": 85.38, "F1 Score": 85.38}, "Decision Tree": {"Accuracy": 21.8, "Precision": 21.8, "Recall": 21.8, "F1 Score": 21.8}, "Random Forest": {"Accuracy": 87.88, "Precision": 87.88, "Recall": 87.88, "F1 Score": 87.88}, "Naive Bayes": {"Accuracy": 84.61, "Precision": 84.61, "Recall": 84.61, "F1 Score": 84.61}, "KNN": {"Accuracy": 55.28999999999999, "Precision": 55.28999999999999, "Recall": 55.28999999999999, "F1 Score": 55.28999999999999}, "Linear SVM": {"Accuracy": 68.38, "Precision": 68.38, "Recall": 68.38, "F1 Score": 68.38}, "Kernel SVM": {"Accuracy": 76.18, "Precision": 76.18, "Recall": 76.18, "F1 Score": 76.18}, "SGD": {"Accuracy": 86.07000000000001, "Precision": 86.07000000000001, "Recall": 86.07000000000001, "F1 Score": 86.07000000000001}}