{"Logistic Regression": {"Accuracy": 65.74, "Precision": 65.74, "Recall": 65.74, "F1 Score": 65.74}, "Decision Tree": {"Accuracy": 25.77, "Precision": 25.77, "Recall": 25.77, "F1 Score": 25.77}, "Random Forest": {"Accuracy": 77.02, "Precision": 77.02, "Recall": 77.02, "F1 Score": 77.02}, "Naive Bayes": {"Accuracy": 61.28, "Precision": 61.28, "Recall": 61.28, "F1 Score": 61.28}, "KNN": {"Accuracy": 29.459999999999997, "Precision": 29.459999999999997, "Recall": 29.459999999999997, "F1 Score": 29.459999999999997}, "Linear SVM": {"Accuracy": 61.91, "Precision": 61.91, "Recall": 61.91, "F1 Score": 61.91}, "Kernel SVM": {"Accuracy": 63.51, "Precision": 63.51, "Recall": 63.51, "F1 Score": 63.51}, "SGD": {"Accuracy": 63.23, "Precision": 63.23, "Recall": 63.23, "F1 Score": 63.23}}